{"cameraMode":{"drawMode":0,"name":"Shaded","section":"Shading Mode"},"sceneLighting":true,"audioPlay":false,"sceneViewState":{"showFog":false,"showMaterialUpdate":false,"showSkybox":false,"showFlares":false,"showImageEffects":false,"showParticleSystems":false},"in2DMode":false,"pivot":{"x":0.4824027717113495,"y":0.6383401155471802,"z":-12.30737590789795},"rotation":{"x":-0.20725375413894654,"y":0.019658898934721948,"z":-0.004165642894804478,"w":-0.9780812859535217},"size":27.505353927612306,"orthographic":false}